1621824090000,el-menu-item is-active,
1621824091000,el-menu-item is-active,
1621824094000,el-radio__label,
1621824094000,el-radio__original,
1621824095000,el-button el-button--primary,
1621824098000,el-calendar-day,
1621824101000,el-icon-right el-icon--right,
1621824103000,cell,
1621824106000,el-icon-right el-icon--right,
1621824297000,el-menu-item is-active,
1621824867000,el-main,
1621824888000,el-menu-item is-active My Learning,
1621829291000,el-menu-item is-active My Home,
1621829309000,el-main,
1621829309000,el-main,
1621829309000,el-main,
1621829321000,el-main,
1621829458000,el-menu-item is-active My Learning,
1621829460000,el-menu-item is-active My Learning,
1621829461000,el-menu-item is-active,
1621829520000,,
1621829570000,el-main,
1621829575000,,
1621829582000,el-menu-item is-active My Learning,
1621829584000,el-menu-item is-active,
1621829630000,el-menu-item is-active Library,
1621829631000,el-menu-item is-active Booking,
1621829632000,el-menu-item is-active More,
1621829638000,el-menu-item is-active Booking,
1621829639000,,
1621829644000,,
1621829644000,,
1621829645000,,
1621829705000,el-menu-item is-active Booking,
1621829707000,,
1621829797000,el-menu-item is-active Booking,
1621829798000,,
1621829925000,el-menu-item is-active Booking,
1621829926000,,
1621830041000,el-menu-item is-active Booking,
1621830042000,Blank,
1621830115000,el-menu-item is-active Booking,
1621830119000,el-radio__label,
1621830119000,el-radio__original,
1621830120000,el-radio__label,
1621830120000,el-radio__original,
1621830122000,,
1621830125000,el-calendar-day,
1621830127000,,
1621830129000,cell,
1621830130000,el-icon-right el-icon--right,

// 

1621830617000,el-menu-item is-active My Learning,
1621830618000,el-menu-item is-active Booking,
1621830621000,el-radio__label,
1621830621000,el-radio__original,
1621830689000,,
1621830721000,el-menu-item is-active Booking,
1621830725000,,
1621830804000,el-calendar__header,
1621830808000,Blank,
1621830808000,Blank,
1621830809000,,
1621830810000,,
1621830938000,el-menu-item is-active Booking,
1621830939000,el-menu-item is-active Booking,
1621830939000,el-menu-item is-active Booking,
1621830942000,el-menu-item is-active Booking,
1621831009000,,
1621831011000,,
1621831013000,el-button el-button--primary,
1621831014000,Img,
1621831028000,el-menu-item is-active Booking,
1621831030000,Blank,
1621838695000,el-main,
